,ESTADO,PRODUTO,MES_ANO,VL_VENDA
190,AL,GNV,01/2022,4.125
191,AL,GNV,01/2023,4.5
192,AL,GNV,01/2024,4.0
193,AL,GNV,02/2022,4.090909090909091
194,AL,GNV,02/2023,4.05
195,AL,GNV,02/2024,4.076923076923077
196,AL,GNV,02/2025,4.0
197,AL,GNV,03/2022,4.0
198,AL,GNV,03/2023,4.0
199,AL,GNV,03/2024,4.0
200,AL,GNV,03/2025,4.0
201,AL,GNV,04/2022,4.0
202,AL,GNV,04/2023,4.043478260869565
203,AL,GNV,04/2024,4.0
204,AL,GNV,04/2025,4.0
205,AL,GNV,05/2022,4.2
206,AL,GNV,05/2023,4.0
207,AL,GNV,05/2024,4.1
208,AL,GNV,05/2025,4.2
209,AL,GNV,06/2022,4.0
210,AL,GNV,06/2023,4.285714285714286
211,AL,GNV,06/2024,4.0
212,AL,GNV,06/2025,4.090909090909091
213,AL,GNV,07/2022,4.125
214,AL,GNV,07/2023,4.0
215,AL,GNV,07/2024,4.0
216,AL,GNV,07/2025,4.0
217,AL,GNV,08/2022,4.111111111111111
218,AL,GNV,08/2023,4.076923076923077
219,AL,GNV,08/2024,4.0
220,AL,GNV,08/2025,4.0
221,AL,GNV,09/2022,4.0
222,AL,GNV,09/2023,4.0588235294117645
223,AL,GNV,09/2024,4.05
224,AL,GNV,09/2025,4.0
225,AL,GNV,10/2022,4.166666666666667
226,AL,GNV,10/2023,4.0
227,AL,GNV,10/2024,4.083333333333333
228,AL,GNV,10/2025,4.0
229,AL,GNV,11/2022,4.1
230,AL,GNV,11/2023,4.04
231,AL,GNV,11/2024,4.05
232,AL,GNV,11/2025,4.0
233,AL,GNV,12/2022,4.0
234,AL,GNV,12/2023,4.1
235,AL,GNV,12/2024,4.0
236,AL,GNV,12/2025,4.1
237,AL,GNV,<NA>/<NA>,4.057522123893805
336,AM,GNV,01/2022,3.0
337,AM,GNV,01/2023,4.0
338,AM,GNV,01/2024,4.0
339,AM,GNV,01/2025,5.0
340,AM,GNV,02/2022,4.0
341,AM,GNV,02/2023,4.0
342,AM,GNV,02/2024,4.0
343,AM,GNV,02/2025,5.0
344,AM,GNV,03/2023,4.0
345,AM,GNV,03/2024,4.0
346,AM,GNV,03/2025,4.5
347,AM,GNV,04/2022,3.8
348,AM,GNV,04/2023,4.0
349,AM,GNV,04/2024,3.333333333333333
350,AM,GNV,04/2025,4.5
351,AM,GNV,05/2022,3.0
352,AM,GNV,05/2023,4.0
353,AM,GNV,05/2024,4.0
354,AM,GNV,06/2022,4.0
355,AM,GNV,06/2023,4.0
356,AM,GNV,06/2024,4.0
357,AM,GNV,06/2025,4.5
358,AM,GNV,07/2022,4.0
359,AM,GNV,07/2023,4.0
360,AM,GNV,07/2024,4.0
361,AM,GNV,07/2025,4.0
362,AM,GNV,08/2022,3.25
363,AM,GNV,08/2023,4.0
364,AM,GNV,08/2024,4.0
365,AM,GNV,08/2025,5.0
366,AM,GNV,09/2022,3.5
367,AM,GNV,09/2023,4.0
368,AM,GNV,09/2024,4.0
369,AM,GNV,09/2025,5.0
370,AM,GNV,10/2022,4.0
371,AM,GNV,10/2023,4.0
372,AM,GNV,10/2024,4.0
373,AM,GNV,10/2025,4.666666666666667
374,AM,GNV,11/2022,4.0
375,AM,GNV,11/2023,4.0
376,AM,GNV,11/2024,3.5
377,AM,GNV,11/2025,4.5
378,AM,GNV,12/2022,3.4
379,AM,GNV,12/2023,4.0
380,AM,GNV,12/2024,4.0
381,AM,GNV,12/2025,5.0
382,AM,GNV,<NA>/<NA>,3.980769230769231
573,BA,GNV,01/2022,3.716981132075472
574,BA,GNV,01/2023,3.774193548387097
575,BA,GNV,01/2024,4.25
576,BA,GNV,02/2022,3.45945945945946
577,BA,GNV,02/2023,3.8333333333333335
578,BA,GNV,02/2024,4.0
579,BA,GNV,02/2025,4.090909090909091
580,BA,GNV,03/2022,3.7857142857142856
581,BA,GNV,03/2023,3.9
582,BA,GNV,03/2024,3.8
583,BA,GNV,03/2025,4.0
584,BA,GNV,04/2022,3.7096774193548394
585,BA,GNV,04/2023,4.071428571428571
586,BA,GNV,04/2024,3.90625
587,BA,GNV,04/2025,3.7777777777777777
588,BA,GNV,05/2022,3.675675675675676
589,BA,GNV,05/2023,3.615384615384616
590,BA,GNV,05/2024,4.0
591,BA,GNV,05/2025,3.615384615384616
592,BA,GNV,06/2022,3.7954545454545454
593,BA,GNV,06/2023,3.6774193548387095
594,BA,GNV,06/2024,4.25
595,BA,GNV,06/2025,3.875
596,BA,GNV,07/2022,3.878787878787879
597,BA,GNV,07/2023,3.615384615384616
598,BA,GNV,07/2024,4.0
599,BA,GNV,07/2025,3.8333333333333335
600,BA,GNV,08/2022,3.658536585365854
601,BA,GNV,08/2023,3.967741935483871
602,BA,GNV,08/2024,3.636363636363636
603,BA,GNV,08/2025,3.7
604,BA,GNV,09/2022,3.716666666666667
605,BA,GNV,09/2023,3.5
606,BA,GNV,09/2024,4.055555555555555
607,BA,GNV,09/2025,4.0
608,BA,GNV,10/2022,3.772727272727273
609,BA,GNV,10/2023,4.0
610,BA,GNV,10/2024,4.047619047619048
611,BA,GNV,10/2025,3.7586206896551726
612,BA,GNV,11/2022,3.7714285714285714
613,BA,GNV,11/2023,3.6
614,BA,GNV,11/2024,3.655172413793104
615,BA,GNV,11/2025,4.0
616,BA,GNV,12/2022,3.73469387755102
617,BA,GNV,12/2023,3.806451612903226
618,BA,GNV,12/2024,3.875
619,BA,GNV,12/2025,4.166666666666667
620,BA,GNV,<NA>/<NA>,3.769831730769231
719,CE,GNV,01/2022,4.512820512820513
720,CE,GNV,01/2023,4.086956521739131
721,CE,GNV,01/2024,4.285714285714286
722,CE,GNV,01/2025,4.875
723,CE,GNV,02/2022,4.310344827586207
724,CE,GNV,02/2023,4.133333333333334
725,CE,GNV,02/2024,4.1395348837209305
726,CE,GNV,02/2025,4.285714285714286
727,CE,GNV,03/2022,4.0
728,CE,GNV,03/2023,4.1
729,CE,GNV,03/2024,4.421052631578948
730,CE,GNV,03/2025,4.285714285714286
731,CE,GNV,04/2022,4.326086956521739
732,CE,GNV,04/2023,4.095238095238095
733,CE,GNV,04/2024,4.5
734,CE,GNV,04/2025,4.333333333333333
735,CE,GNV,05/2022,4.358974358974359
736,CE,GNV,05/2023,4.12
737,CE,GNV,05/2024,4.105263157894737
738,CE,GNV,05/2025,6.0
739,CE,GNV,06/2022,4.181818181818182
740,CE,GNV,06/2023,4.066666666666666
741,CE,GNV,06/2024,4.352941176470588
742,CE,GNV,06/2025,4.875
743,CE,GNV,07/2022,4.538461538461538
744,CE,GNV,07/2023,4.0
745,CE,GNV,07/2024,4.117647058823529
746,CE,GNV,07/2025,4.090909090909091
747,CE,GNV,08/2022,4.444444444444445
748,CE,GNV,08/2023,4.142857142857143
749,CE,GNV,08/2024,4.4
750,CE,GNV,08/2025,4.888888888888889
751,CE,GNV,09/2022,4.0285714285714285
752,CE,GNV,09/2023,4.125
753,CE,GNV,09/2024,4.125
754,CE,GNV,09/2025,4.888888888888889
755,CE,GNV,10/2022,5.0
756,CE,GNV,10/2023,4.133333333333334
757,CE,GNV,10/2024,4.285714285714286
758,CE,GNV,10/2025,4.5
759,CE,GNV,11/2022,4.333333333333333
760,CE,GNV,11/2023,4.2
761,CE,GNV,11/2024,4.0
762,CE,GNV,11/2025,4.928571428571429
763,CE,GNV,12/2022,4.365384615384615
764,CE,GNV,12/2023,4.0
765,CE,GNV,12/2024,4.4
766,CE,GNV,12/2025,4.5
767,CE,GNV,<NA>/<NA>,4.276014760147602
866,DF,GNV,01/2022,7.0
867,DF,GNV,01/2023,6.0
868,DF,GNV,02/2022,6.0
869,DF,GNV,04/2022,6.0
870,DF,GNV,05/2023,6.0
871,DF,GNV,06/2022,6.0
872,DF,GNV,06/2023,6.0
873,DF,GNV,07/2022,6.0
874,DF,GNV,07/2023,6.0
875,DF,GNV,08/2022,7.0
876,DF,GNV,08/2023,6.0
877,DF,GNV,09/2022,6.0
878,DF,GNV,10/2022,6.0
879,DF,GNV,10/2023,6.0
880,DF,GNV,10/2024,6.0
881,DF,GNV,11/2022,6.5
882,DF,GNV,11/2023,6.0
883,DF,GNV,<NA>/<NA>,6.15625
982,ES,GNV,01/2022,4.633333333333334
983,ES,GNV,01/2023,4.25
984,ES,GNV,01/2024,4.238095238095238
985,ES,GNV,01/2025,4.0
986,ES,GNV,02/2022,4.666666666666667
987,ES,GNV,02/2023,4.0
988,ES,GNV,02/2024,4.071428571428571
989,ES,GNV,02/2025,4.0
990,ES,GNV,03/2022,4.206896551724138
991,ES,GNV,03/2023,4.0588235294117645
992,ES,GNV,03/2024,4.066666666666666
993,ES,GNV,03/2025,3.9166666666666665
994,ES,GNV,04/2022,4.16
995,ES,GNV,04/2023,4.0344827586206895
996,ES,GNV,04/2024,4.0
997,ES,GNV,04/2025,4.0
998,ES,GNV,05/2022,4.266666666666667
999,ES,GNV,05/2023,4.05
1000,ES,GNV,05/2024,4.081081081081081
1001,ES,GNV,05/2025,3.75
1002,ES,GNV,06/2022,4.769230769230769
1003,ES,GNV,06/2023,4.097560975609756
1004,ES,GNV,06/2024,4.0
1005,ES,GNV,06/2025,4.0
1006,ES,GNV,07/2022,4.296296296296297
1007,ES,GNV,07/2023,4.047619047619048
1008,ES,GNV,07/2024,4.2727272727272725
1009,ES,GNV,07/2025,4.0
1010,ES,GNV,08/2022,4.619047619047619
1011,ES,GNV,08/2023,4.133333333333334
1012,ES,GNV,08/2024,4.068965517241379
1013,ES,GNV,08/2025,3.857142857142857
1014,ES,GNV,09/2022,4.529411764705882
1015,ES,GNV,09/2023,4.0
1016,ES,GNV,09/2024,4.125
1017,ES,GNV,09/2025,3.875
1018,ES,GNV,10/2022,4.461538461538462
1019,ES,GNV,10/2023,4.142857142857143
1020,ES,GNV,10/2024,4.1
1021,ES,GNV,10/2025,4.0
1022,ES,GNV,11/2022,4.135135135135135
1023,ES,GNV,11/2023,4.0
1024,ES,GNV,11/2024,4.136363636363637
1025,ES,GNV,11/2025,4.0
1026,ES,GNV,12/2022,4.307692307692308
1027,ES,GNV,12/2023,4.115384615384615
1028,ES,GNV,12/2024,4.105263157894737
1029,ES,GNV,12/2025,4.0
1030,ES,GNV,<NA>/<NA>,4.146964856230032
1227,MA,GNV,12/2023,5.0
1228,MA,GNV,<NA>/<NA>,5.0
1327,MG,GNV,01/2022,4.6875
1328,MG,GNV,01/2023,4.1
1329,MG,GNV,01/2024,4.117647058823529
1330,MG,GNV,01/2025,4.5
1331,MG,GNV,02/2022,4.444444444444445
1332,MG,GNV,02/2023,4.083333333333333
1333,MG,GNV,02/2024,4.289473684210527
1334,MG,GNV,02/2025,4.571428571428571
1335,MG,GNV,03/2022,5.0
1336,MG,GNV,03/2023,4.125
1337,MG,GNV,03/2024,4.407407407407407
1338,MG,GNV,03/2025,4.333333333333333
1339,MG,GNV,04/2022,4.4375
1340,MG,GNV,04/2023,4.066666666666666
1341,MG,GNV,04/2024,4.260869565217392
1342,MG,GNV,04/2025,4.142857142857143
1343,MG,GNV,05/2022,4.538461538461538
1344,MG,GNV,05/2023,4.0
1345,MG,GNV,05/2024,4.566666666666666
1346,MG,GNV,05/2025,4.545454545454546
1347,MG,GNV,06/2022,4.583333333333333
1348,MG,GNV,06/2023,4.074074074074074
1349,MG,GNV,06/2024,4.142857142857143
1350,MG,GNV,06/2025,4.571428571428571
1351,MG,GNV,07/2022,4.5625
1352,MG,GNV,07/2023,4.1
1353,MG,GNV,07/2024,4.333333333333333
1354,MG,GNV,07/2025,4.666666666666667
1355,MG,GNV,08/2022,4.615384615384615
1356,MG,GNV,08/2023,4.055555555555555
1357,MG,GNV,08/2024,4.294117647058823
1358,MG,GNV,08/2025,4.285714285714286
1359,MG,GNV,09/2022,4.526315789473684
1360,MG,GNV,09/2023,4.115384615384615
1361,MG,GNV,09/2024,4.434782608695652
1362,MG,GNV,09/2025,4.7
1363,MG,GNV,10/2022,5.0
1364,MG,GNV,10/2023,4.225806451612903
1365,MG,GNV,10/2024,4.44
1366,MG,GNV,10/2025,4.380952380952381
1367,MG,GNV,11/2022,4.545454545454546
1368,MG,GNV,11/2023,4.190476190476191
1369,MG,GNV,11/2024,4.208333333333333
1370,MG,GNV,11/2025,4.375
1371,MG,GNV,12/2022,4.391304347826087
1372,MG,GNV,12/2023,4.086956521739131
1373,MG,GNV,12/2024,4.46875
1374,MG,GNV,12/2025,4.615384615384615
1375,MG,GNV,<NA>/<NA>,4.313443565780014
1474,MS,GNV,01/2022,4.0
1475,MS,GNV,01/2024,4.0
1476,MS,GNV,01/2025,4.0
1477,MS,GNV,02/2022,4.0
1478,MS,GNV,02/2024,4.0
1479,MS,GNV,02/2025,4.0
1480,MS,GNV,03/2022,4.0
1481,MS,GNV,03/2023,4.0
1482,MS,GNV,03/2024,4.0
1483,MS,GNV,03/2025,4.0
1484,MS,GNV,04/2022,4.625
1485,MS,GNV,04/2024,4.0
1486,MS,GNV,05/2022,4.0
1487,MS,GNV,05/2023,4.0
1488,MS,GNV,05/2024,4.0
1489,MS,GNV,05/2025,4.0
1490,MS,GNV,06/2022,4.0
1491,MS,GNV,06/2023,4.0
1492,MS,GNV,06/2024,4.0
1493,MS,GNV,06/2025,4.0
1494,MS,GNV,07/2022,4.333333333333333
1495,MS,GNV,07/2023,4.0
1496,MS,GNV,08/2022,4.0
1497,MS,GNV,08/2024,4.0
1498,MS,GNV,08/2025,4.0
1499,MS,GNV,09/2022,4.6
1500,MS,GNV,09/2023,4.0
1501,MS,GNV,09/2024,4.0
1502,MS,GNV,09/2025,4.0
1503,MS,GNV,10/2022,4.0
1504,MS,GNV,10/2023,3.5
1505,MS,GNV,10/2024,4.0
1506,MS,GNV,10/2025,4.0
1507,MS,GNV,11/2022,5.0
1508,MS,GNV,11/2025,4.0
1509,MS,GNV,12/2022,4.0
1510,MS,GNV,12/2023,4.0
1511,MS,GNV,12/2024,4.0
1512,MS,GNV,12/2025,4.0
1513,MS,GNV,<NA>/<NA>,4.114942528735632
1612,MT,GNV,01/2022,3.0
1613,MT,GNV,01/2023,3.0
1614,MT,GNV,01/2024,3.0
1615,MT,GNV,01/2025,4.0
1616,MT,GNV,02/2022,3.0
1617,MT,GNV,02/2023,3.0
1618,MT,GNV,02/2024,3.0
1619,MT,GNV,03/2022,3.0
1620,MT,GNV,03/2023,3.0
1621,MT,GNV,03/2024,3.0
1622,MT,GNV,04/2022,3.0
1623,MT,GNV,04/2025,4.0
1624,MT,GNV,05/2022,3.0
1625,MT,GNV,05/2023,3.0
1626,MT,GNV,05/2024,3.0
1627,MT,GNV,05/2025,3.5
1628,MT,GNV,06/2022,3.0
1629,MT,GNV,06/2023,3.0
1630,MT,GNV,06/2024,3.0
1631,MT,GNV,06/2025,4.0
1632,MT,GNV,07/2022,3.0
1633,MT,GNV,07/2023,3.0
1634,MT,GNV,07/2024,3.0
1635,MT,GNV,07/2025,4.0
1636,MT,GNV,08/2022,3.0
1637,MT,GNV,08/2023,3.0
1638,MT,GNV,08/2025,3.0
1639,MT,GNV,09/2022,3.0
1640,MT,GNV,09/2023,3.0
1641,MT,GNV,09/2024,3.0
1642,MT,GNV,09/2025,4.0
1643,MT,GNV,10/2022,3.0
1644,MT,GNV,10/2023,3.0
1645,MT,GNV,10/2025,4.0
1646,MT,GNV,11/2022,3.0
1647,MT,GNV,11/2023,3.0
1648,MT,GNV,11/2024,3.0
1649,MT,GNV,12/2022,3.0
1650,MT,GNV,12/2023,3.0
1651,MT,GNV,12/2024,3.0
1652,MT,GNV,12/2025,4.0
1653,MT,GNV,<NA>/<NA>,3.126984126984127
1752,PA,GNV,<NA>/<NA>,5.0
1851,PB,GNV,01/2022,4.454545454545454
1852,PB,GNV,01/2023,4.083333333333333
1853,PB,GNV,01/2024,4.208333333333333
1854,PB,GNV,01/2025,4.0
1855,PB,GNV,02/2022,4.875
1856,PB,GNV,02/2023,4.117647058823529
1857,PB,GNV,02/2024,4.95
1858,PB,GNV,02/2025,4.333333333333333
1859,PB,GNV,03/2022,4.0
1860,PB,GNV,03/2023,4.052631578947368
1861,PB,GNV,03/2024,4.454545454545454
1862,PB,GNV,03/2025,4.5
1863,PB,GNV,04/2022,4.466666666666667
1864,PB,GNV,04/2023,4.157894736842105
1865,PB,GNV,04/2024,4.619047619047619
1866,PB,GNV,04/2025,5.0
1867,PB,GNV,05/2022,4.214285714285714
1868,PB,GNV,05/2023,4.142857142857143
1869,PB,GNV,05/2024,4.473684210526316
1870,PB,GNV,05/2025,4.25
1871,PB,GNV,06/2022,4.625
1872,PB,GNV,06/2023,4.083333333333333
1873,PB,GNV,06/2024,4.466666666666667
1874,PB,GNV,06/2025,4.666666666666667
1875,PB,GNV,07/2022,4.583333333333333
1876,PB,GNV,07/2023,4.125
1877,PB,GNV,07/2024,5.0
1878,PB,GNV,07/2025,4.409090909090909
1879,PB,GNV,08/2022,4.619047619047619
1880,PB,GNV,08/2023,4.071428571428571
1881,PB,GNV,08/2024,4.214285714285714
1882,PB,GNV,08/2025,5.0
1883,PB,GNV,09/2022,5.0
1884,PB,GNV,09/2023,4.181818181818182
1885,PB,GNV,09/2024,5.0
1886,PB,GNV,09/2025,4.2
1887,PB,GNV,10/2022,4.090909090909091
1888,PB,GNV,10/2023,4.047619047619048
1889,PB,GNV,10/2024,5.0
1890,PB,GNV,10/2025,4.541666666666667
1891,PB,GNV,11/2022,4.833333333333333
1892,PB,GNV,11/2023,4.111111111111111
1893,PB,GNV,11/2024,4.619047619047619
1894,PB,GNV,11/2025,5.0
1895,PB,GNV,12/2022,4.266666666666667
1896,PB,GNV,12/2023,4.090909090909091
1897,PB,GNV,12/2024,4.473684210526316
1898,PB,GNV,12/2025,4.111111111111111
1899,PB,GNV,<NA>/<NA>,4.4
1997,PE,GNV,01/2022,3.523809523809524
1998,PE,GNV,01/2023,3.1818181818181817
1999,PE,GNV,01/2024,4.0
2000,PE,GNV,01/2025,4.0
2001,PE,GNV,02/2022,3.647058823529412
2002,PE,GNV,02/2023,3.0
2003,PE,GNV,02/2024,4.0
2004,PE,GNV,02/2025,4.0
2005,PE,GNV,03/2022,3.6666666666666665
2006,PE,GNV,03/2023,3.0434782608695654
2007,PE,GNV,03/2024,4.0
2008,PE,GNV,03/2025,4.0
2009,PE,GNV,04/2022,3.72
2010,PE,GNV,04/2023,3.433333333333333
2011,PE,GNV,04/2024,4.0
2012,PE,GNV,04/2025,4.0
2013,PE,GNV,05/2022,3.388888888888889
2014,PE,GNV,05/2023,3.054054054054054
2015,PE,GNV,05/2024,4.0
2016,PE,GNV,05/2025,4.0
2017,PE,GNV,06/2022,3.5789473684210527
2018,PE,GNV,06/2023,3.5172413793103448
2019,PE,GNV,06/2024,4.0
2020,PE,GNV,06/2025,4.0
2021,PE,GNV,07/2022,3.282051282051282
2022,PE,GNV,07/2023,3.4054054054054053
2023,PE,GNV,07/2024,4.0
2024,PE,GNV,07/2025,4.0
2025,PE,GNV,08/2022,3.76
2026,PE,GNV,08/2023,3.117647058823529
2027,PE,GNV,08/2024,4.0
2028,PE,GNV,08/2025,4.0
2029,PE,GNV,09/2022,3.586206896551724
2030,PE,GNV,09/2023,3.032258064516129
2031,PE,GNV,09/2024,4.0
2032,PE,GNV,09/2025,4.0
2033,PE,GNV,10/2022,3.5185185185185186
2034,PE,GNV,10/2023,3.0303030303030303
2035,PE,GNV,10/2024,4.0
2036,PE,GNV,10/2025,4.0
2037,PE,GNV,11/2022,3.724137931034482
2038,PE,GNV,11/2023,3.1020408163265305
2039,PE,GNV,11/2024,4.0
2040,PE,GNV,11/2025,4.0
2041,PE,GNV,12/2022,3.6
2042,PE,GNV,12/2023,3.388888888888889
2043,PE,GNV,12/2024,4.0
2044,PE,GNV,12/2025,4.0
2045,PE,GNV,<NA>/<NA>,3.668641557342361
2242,PR,GNV,01/2022,4.9
2243,PR,GNV,01/2023,4.769230769230769
2244,PR,GNV,01/2024,4.2
2245,PR,GNV,01/2025,5.0
2246,PR,GNV,02/2022,5.0
2247,PR,GNV,02/2023,4.4
2248,PR,GNV,02/2024,4.142857142857143
2249,PR,GNV,02/2025,4.2
2250,PR,GNV,03/2022,5.0
2251,PR,GNV,03/2023,4.8
2252,PR,GNV,03/2024,4.285714285714286
2253,PR,GNV,03/2025,4.0
2254,PR,GNV,04/2022,4.5
2255,PR,GNV,04/2023,4.5
2256,PR,GNV,04/2024,4.166666666666667
2257,PR,GNV,04/2025,4.571428571428571
2258,PR,GNV,05/2022,4.888888888888889
2259,PR,GNV,05/2023,4.7
2260,PR,GNV,05/2024,4.2727272727272725
2261,PR,GNV,05/2025,4.0
2262,PR,GNV,06/2022,5.214285714285714
2263,PR,GNV,06/2023,4.5
2264,PR,GNV,06/2024,4.133333333333334
2265,PR,GNV,06/2025,4.25
2266,PR,GNV,07/2022,5.4
2267,PR,GNV,07/2023,4.666666666666667
2268,PR,GNV,07/2024,4.285714285714286
2269,PR,GNV,07/2025,4.0
2270,PR,GNV,08/2022,5.222222222222222
2271,PR,GNV,08/2023,4.5
2272,PR,GNV,08/2024,4.166666666666667
2273,PR,GNV,08/2025,4.4
2274,PR,GNV,09/2022,5.0
2275,PR,GNV,09/2023,4.5
2276,PR,GNV,09/2024,4.5
2277,PR,GNV,09/2025,4.0
2278,PR,GNV,10/2022,5.0
2279,PR,GNV,10/2023,4.75
2280,PR,GNV,10/2024,4.153846153846154
2281,PR,GNV,10/2025,4.222222222222222
2282,PR,GNV,11/2022,4.666666666666667
2283,PR,GNV,11/2023,4.666666666666667
2284,PR,GNV,11/2024,4.2
2285,PR,GNV,11/2025,4.181818181818182
2286,PR,GNV,12/2022,4.916666666666667
2287,PR,GNV,12/2023,4.666666666666667
2288,PR,GNV,12/2024,4.25
2289,PR,GNV,12/2025,4.5
2290,PR,GNV,<NA>/<NA>,4.555718475073314
2389,RJ,GNV,01/2022,4.441717791411043
2390,RJ,GNV,01/2023,4.104938271604938
2391,RJ,GNV,01/2024,4.255506607929515
2392,RJ,GNV,01/2025,4.638888888888889
2393,RJ,GNV,02/2022,4.649038461538462
2394,RJ,GNV,02/2023,4.231527093596059
2395,RJ,GNV,02/2024,4.248251748251748
2396,RJ,GNV,02/2025,4.243478260869566
2397,RJ,GNV,03/2022,4.470967741935484
2398,RJ,GNV,03/2023,4.206030150753769
2399,RJ,GNV,03/2024,4.324137931034483
2400,RJ,GNV,03/2025,4.2727272727272725
2401,RJ,GNV,04/2022,4.363636363636363
2402,RJ,GNV,04/2023,4.159695817490494
2403,RJ,GNV,04/2024,4.275700934579439
2404,RJ,GNV,04/2025,4.402985074626866
2405,RJ,GNV,05/2022,4.415322580645161
2406,RJ,GNV,05/2023,4.078431372549019
2407,RJ,GNV,05/2024,4.233870967741935
2408,RJ,GNV,05/2025,4.273885350318471
2409,RJ,GNV,06/2022,4.49738219895288
2410,RJ,GNV,06/2023,4.110687022900764
2411,RJ,GNV,06/2024,4.334841628959276
2412,RJ,GNV,06/2025,4.313725490196078
2413,RJ,GNV,07/2022,4.453744493392071
2414,RJ,GNV,07/2023,4.214953271028038
2415,RJ,GNV,07/2024,4.3533333333333335
2416,RJ,GNV,07/2025,4.182389937106918
2417,RJ,GNV,08/2022,4.390374331550802
2418,RJ,GNV,08/2023,4.171974522292993
2419,RJ,GNV,08/2024,4.26241134751773
2420,RJ,GNV,08/2025,4.520833333333333
2421,RJ,GNV,09/2022,4.388888888888889
2422,RJ,GNV,09/2023,4.1
2423,RJ,GNV,09/2024,4.226299694189603
2424,RJ,GNV,09/2025,4.267175572519084
2425,RJ,GNV,10/2022,4.416666666666667
2426,RJ,GNV,10/2023,4.154811715481172
2427,RJ,GNV,10/2024,4.397350993377484
2428,RJ,GNV,10/2025,4.296803652968037
2429,RJ,GNV,11/2022,4.4944444444444445
2430,RJ,GNV,11/2023,4.180722891566265
2431,RJ,GNV,11/2024,4.3538461538461535
2432,RJ,GNV,11/2025,4.307692307692308
2433,RJ,GNV,12/2022,4.330677290836653
2434,RJ,GNV,12/2023,4.061855670103093
2435,RJ,GNV,12/2024,4.254098360655738
2436,RJ,GNV,12/2025,4.288461538461538
2437,RJ,GNV,<NA>/<NA>,4.2820405603177925
2536,RN,GNV,01/2022,4.0
2537,RN,GNV,01/2023,4.0
2538,RN,GNV,01/2024,4.75
2539,RN,GNV,02/2022,4.0
2540,RN,GNV,02/2023,4.066666666666666
2541,RN,GNV,02/2024,4.333333333333333
2542,RN,GNV,02/2025,4.0
2543,RN,GNV,03/2022,4.0
2544,RN,GNV,03/2023,4.0
2545,RN,GNV,03/2024,4.6923076923076925
2546,RN,GNV,03/2025,4.166666666666667
2547,RN,GNV,04/2022,4.0
2548,RN,GNV,04/2023,4.0
2549,RN,GNV,04/2024,4.727272727272728
2550,RN,GNV,04/2025,4.0
2551,RN,GNV,05/2022,4.0
2552,RN,GNV,05/2023,4.0
2553,RN,GNV,05/2024,4.473684210526316
2554,RN,GNV,05/2025,4.166666666666667
2555,RN,GNV,06/2022,4.0
2556,RN,GNV,06/2023,4.0
2557,RN,GNV,06/2024,5.0
2558,RN,GNV,06/2025,4.444444444444445
2559,RN,GNV,07/2022,4.0
2560,RN,GNV,07/2023,4.0
2561,RN,GNV,07/2024,4.909090909090909
2562,RN,GNV,07/2025,4.0
2563,RN,GNV,08/2022,4.0
2564,RN,GNV,08/2023,4.0
2565,RN,GNV,08/2024,4.8
2566,RN,GNV,08/2025,4.25
2567,RN,GNV,09/2022,4.0
2568,RN,GNV,09/2023,4.0
2569,RN,GNV,09/2024,4.666666666666667
2570,RN,GNV,09/2025,4.25
2571,RN,GNV,10/2022,4.0
2572,RN,GNV,10/2023,4.0
2573,RN,GNV,10/2024,5.0
2574,RN,GNV,10/2025,4.333333333333333
2575,RN,GNV,11/2022,4.0
2576,RN,GNV,11/2023,4.0
2577,RN,GNV,11/2024,5.0
2578,RN,GNV,11/2025,4.0
2579,RN,GNV,12/2022,4.0
2580,RN,GNV,12/2023,4.0
2581,RN,GNV,12/2024,4.823529411764706
2582,RN,GNV,12/2025,4.5
2583,RN,GNV,<NA>/<NA>,4.2837684449489215
2778,RR,GNV,04/2023,4.0
2877,RS,GNV,01/2022,5.314285714285714
2878,RS,GNV,01/2023,4.862068965517241
2879,RS,GNV,01/2024,4.055555555555555
2880,RS,GNV,01/2025,4.142857142857143
2881,RS,GNV,02/2022,5.4
2882,RS,GNV,02/2023,4.366666666666666
2883,RS,GNV,02/2024,4.121212121212121
2884,RS,GNV,02/2025,4.166666666666667
2885,RS,GNV,03/2022,5.047619047619048
2886,RS,GNV,03/2023,4.75
2887,RS,GNV,03/2024,4.142857142857143
2888,RS,GNV,03/2025,4.064516129032258
2889,RS,GNV,04/2022,5.282051282051282
2890,RS,GNV,04/2023,4.6
2891,RS,GNV,04/2024,4.03125
2892,RS,GNV,04/2025,4.090909090909091
2893,RS,GNV,05/2022,5.423076923076923
2894,RS,GNV,05/2023,4.37037037037037
2895,RS,GNV,05/2024,4.078947368421052
2896,RS,GNV,05/2025,4.25
2897,RS,GNV,06/2022,5.102564102564102
2898,RS,GNV,06/2023,4.5
2899,RS,GNV,06/2024,4.12
2900,RS,GNV,06/2025,4.054054054054054
2901,RS,GNV,07/2022,5.243243243243243
2902,RS,GNV,07/2023,4.595238095238095
2903,RS,GNV,07/2024,4.052631578947368
2904,RS,GNV,07/2025,4.071428571428571
2905,RS,GNV,08/2022,5.1891891891891895
2906,RS,GNV,08/2023,4.903225806451613
2907,RS,GNV,08/2024,4.090909090909091
2908,RS,GNV,08/2025,4.095238095238095
2909,RS,GNV,09/2022,5.333333333333333
2910,RS,GNV,09/2023,4.634146341463414
2911,RS,GNV,09/2024,4.076923076923077
2912,RS,GNV,09/2025,4.083333333333333
2913,RS,GNV,10/2022,4.938775510204081
2914,RS,GNV,10/2023,4.708333333333333
2915,RS,GNV,10/2024,4.03030303030303
2916,RS,GNV,10/2025,4.0
2917,RS,GNV,11/2022,5.27906976744186
2918,RS,GNV,11/2023,4.560975609756097
2919,RS,GNV,11/2024,4.208333333333333
2920,RS,GNV,11/2025,4.055555555555555
2921,RS,GNV,12/2022,5.3023255813953485
2922,RS,GNV,12/2023,4.384615384615385
2923,RS,GNV,12/2024,4.102564102564102
2924,RS,GNV,12/2025,4.090909090909091
2925,RS,GNV,<NA>/<NA>,4.563203463203463
3024,SC,GNV,01/2022,5.014084507042254
3025,SC,GNV,01/2023,4.764705882352941
3026,SC,GNV,01/2024,4.137931034482759
3027,SC,GNV,01/2025,5.0
3028,SC,GNV,02/2022,4.758620689655173
3029,SC,GNV,02/2023,4.717391304347826
3030,SC,GNV,02/2024,4.375
3031,SC,GNV,02/2025,4.933333333333334
3032,SC,GNV,03/2022,4.62962962962963
3033,SC,GNV,03/2023,4.722222222222222
3034,SC,GNV,03/2024,4.176470588235294
3035,SC,GNV,03/2025,4.8
3036,SC,GNV,04/2022,5.0
3037,SC,GNV,04/2023,4.672413793103448
3038,SC,GNV,04/2024,4.2
3039,SC,GNV,04/2025,4.875
3040,SC,GNV,05/2022,4.777777777777778
3041,SC,GNV,05/2023,4.651162790697675
3042,SC,GNV,05/2024,4.324324324324325
3043,SC,GNV,05/2025,4.739130434782608
3044,SC,GNV,06/2022,4.9361702127659575
3045,SC,GNV,06/2023,4.588235294117647
3046,SC,GNV,06/2024,4.105263157894737
3047,SC,GNV,06/2025,4.777777777777778
3048,SC,GNV,07/2022,4.91044776119403
3049,SC,GNV,07/2023,4.666666666666667
3050,SC,GNV,07/2024,4.28125
3051,SC,GNV,07/2025,4.954545454545454
3052,SC,GNV,08/2022,5.016949152542373
3053,SC,GNV,08/2023,4.7560975609756095
3054,SC,GNV,08/2024,4.260869565217392
3055,SC,GNV,08/2025,4.857142857142857
3056,SC,GNV,09/2022,4.852941176470588
3057,SC,GNV,09/2023,4.756756756756757
3058,SC,GNV,09/2024,4.171428571428572
3059,SC,GNV,09/2025,4.785714285714286
3060,SC,GNV,10/2022,4.911764705882353
3061,SC,GNV,10/2023,4.607142857142857
3062,SC,GNV,10/2024,4.2631578947368425
3063,SC,GNV,10/2025,4.780487804878049
3064,SC,GNV,11/2022,5.051724137931035
3065,SC,GNV,11/2023,4.671875
3066,SC,GNV,11/2024,4.2631578947368425
3067,SC,GNV,11/2025,4.5
3068,SC,GNV,12/2022,4.788461538461538
3069,SC,GNV,12/2023,4.405405405405405
3070,SC,GNV,12/2024,4.085714285714285
3071,SC,GNV,12/2025,4.8
3072,SC,GNV,<NA>/<NA>,4.65809968847352
3161,SE,GNV,01/2022,4.454545454545454
3162,SE,GNV,02/2022,4.45
3163,SE,GNV,02/2024,4.5
3164,SE,GNV,02/2025,4.0
3165,SE,GNV,03/2022,4.083333333333333
3166,SE,GNV,03/2023,4.0
3167,SE,GNV,03/2024,4.0
3168,SE,GNV,03/2025,4.0
3169,SE,GNV,04/2022,4.545454545454546
3170,SE,GNV,04/2023,4.0
3171,SE,GNV,04/2024,4.5
3172,SE,GNV,05/2022,4.608695652173913
3173,SE,GNV,05/2023,4.5
3174,SE,GNV,05/2024,4.0
3175,SE,GNV,05/2025,4.0
3176,SE,GNV,06/2022,4.75
3177,SE,GNV,06/2023,4.1923076923076925
3178,SE,GNV,06/2024,4.0
3179,SE,GNV,06/2025,4.0
3180,SE,GNV,07/2022,5.0
3181,SE,GNV,07/2023,4.111111111111111
3182,SE,GNV,07/2024,4.0
3183,SE,GNV,07/2025,4.0
3184,SE,GNV,08/2022,4.3125
3185,SE,GNV,08/2023,4.0
3186,SE,GNV,08/2024,4.0
3187,SE,GNV,08/2025,4.0
3188,SE,GNV,09/2022,4.888888888888889
3189,SE,GNV,09/2023,4.0
3190,SE,GNV,09/2024,4.0
3191,SE,GNV,09/2025,4.0
3192,SE,GNV,10/2022,4.625
3193,SE,GNV,10/2023,4.0
3194,SE,GNV,10/2024,4.25
3195,SE,GNV,11/2022,4.647058823529412
3196,SE,GNV,11/2023,4.833333333333333
3197,SE,GNV,11/2024,4.5
3198,SE,GNV,11/2025,4.0
3199,SE,GNV,12/2022,4.714285714285714
3200,SE,GNV,12/2023,4.0
3201,SE,GNV,12/2024,4.0
3202,SE,GNV,12/2025,4.0
3203,SE,GNV,<NA>/<NA>,4.274611398963731
3302,SP,GNV,01/2022,4.579710144927536
3303,SP,GNV,01/2023,3.975308641975309
3304,SP,GNV,01/2024,3.905882352941176
3305,SP,GNV,01/2025,4.111111111111111
3306,SP,GNV,02/2022,4.662650602409639
3307,SP,GNV,02/2023,4.146341463414634
3308,SP,GNV,02/2024,3.9391304347826086
3309,SP,GNV,02/2025,4.1
3310,SP,GNV,03/2022,4.409090909090909
3311,SP,GNV,03/2023,4.038834951456311
3312,SP,GNV,03/2024,3.971014492753623
3313,SP,GNV,03/2025,4.076923076923077
3314,SP,GNV,04/2022,4.6
3315,SP,GNV,04/2023,3.725663716814159
3316,SP,GNV,04/2024,3.905263157894737
3317,SP,GNV,04/2025,4.0
3318,SP,GNV,05/2022,4.803030303030303
3319,SP,GNV,05/2023,3.865168539325843
3320,SP,GNV,05/2024,3.9047619047619047
3321,SP,GNV,05/2025,4.016666666666667
3322,SP,GNV,06/2022,4.605769230769231
3323,SP,GNV,06/2023,3.866071428571429
3324,SP,GNV,06/2024,3.9726027397260273
3325,SP,GNV,06/2025,3.962962962962963
3326,SP,GNV,07/2022,4.808510638297872
3327,SP,GNV,07/2023,4.21
3328,SP,GNV,07/2024,3.935483870967742
3329,SP,GNV,07/2025,4.076923076923077
3330,SP,GNV,08/2022,4.5
3331,SP,GNV,08/2023,3.903225806451613
3332,SP,GNV,08/2024,3.896
3333,SP,GNV,08/2025,4.0606060606060606
3334,SP,GNV,09/2022,4.659090909090909
3335,SP,GNV,09/2023,3.9204545454545454
3336,SP,GNV,09/2024,3.9732142857142856
3337,SP,GNV,09/2025,4.105263157894737
3338,SP,GNV,10/2022,4.576923076923077
3339,SP,GNV,10/2023,3.945054945054945
3340,SP,GNV,10/2024,3.9615384615384617
3341,SP,GNV,10/2025,4.065789473684211
3342,SP,GNV,11/2022,4.730769230769231
3343,SP,GNV,11/2023,3.756756756756757
3344,SP,GNV,11/2024,3.9702970297029694
3345,SP,GNV,11/2025,4.03030303030303
3346,SP,GNV,12/2022,4.666666666666667
3347,SP,GNV,12/2023,3.914893617021277
3348,SP,GNV,12/2024,3.9081632653061225
3349,SP,GNV,12/2025,4.117647058823529
3350,SP,GNV,<NA>/<NA>,4.140596670512609
